source_id,platform,title,url,question_number,part,question_type,stem,option_a,option_b,scale_hint,raw_excerpt
mymbti_jung8_40,mymbti,荣格八维 MBTI 深度测试 - 探索你的真实人格 (纯前端安全版),https://mymbti.xyz/,1,Se,likert_5,我很享受当下的感官刺激，比如美食、音乐或运动带来的快感。,,,1-5：完全不符合 / 较不符合 / 一般 / 较符合 / 完全符合,"{ id: 1, dimension: ""Se"", text: ""我很享受当下的感官刺激，比如美食、音乐或运动带来的快感。"" }"
mymbti_jung8_40,mymbti,荣格八维 MBTI 深度测试 - 探索你的真实人格 (纯前端安全版),https://mymbti.xyz/,2,Se,likert_5,面对突发情况时，我能够迅速做出本能反应并采取行动。,,,1-5：完全不符合 / 较不符合 / 一般 / 较符合 / 完全符合,"{ id: 2, dimension: ""Se"", text: ""面对突发情况时，我能够迅速做出本能反应并采取行动。"" }"
mymbti_jung8_40,mymbti,荣格八维 MBTI 深度测试 - 探索你的真实人格 (纯前端安全版),https://mymbti.xyz/,3,Se,likert_5,我常常凭现场的感觉做决定，而不是提前做大量规划。,,,1-5：完全不符合 / 较不符合 / 一般 / 较符合 / 完全符合,"{ id: 3, dimension: ""Se"", text: ""我常常凭现场的感觉做决定，而不是提前做大量规划。"" }"
mymbti_jung8_40,mymbti,荣格八维 MBTI 深度测试 - 探索你的真实人格 (纯前端安全版),https://mymbti.xyz/,4,Se,likert_5,当我沉浸在现场氛围中时，会有一种“活在当下、世界在眼前展开”的感觉。,,,1-5：完全不符合 / 较不符合 / 一般 / 较符合 / 完全符合,"{ id: 4, dimension: ""Se"", text: ""当我沉浸在现场氛围中时，会有一种“活在当下、世界在眼前展开”的感觉。"" }"
mymbti_jung8_40,mymbti,荣格八维 MBTI 深度测试 - 探索你的真实人格 (纯前端安全版),https://mymbti.xyz/,5,Se,likert_5,对我来说，身体的节奏（如呼吸、步伐、音乐节拍）常常会自然引导我的行动。,,,1-5：完全不符合 / 较不符合 / 一般 / 较符合 / 完全符合,"{ id: 5, dimension: ""Se"", text: ""对我来说，身体的节奏（如呼吸、步伐、音乐节拍）常常会自然引导我的行动。"" }"
mymbti_jung8_40,mymbti,荣格八维 MBTI 深度测试 - 探索你的真实人格 (纯前端安全版),https://mymbti.xyz/,6,Si,likert_5,我非常依赖以往的经验来判断现在的情况是否可靠。,,,1-5：完全不符合 / 较不符合 / 一般 / 较符合 / 完全符合,"{ id: 6, dimension: ""Si"", text: ""我非常依赖以往的经验来判断现在的情况是否可靠。"" }"
mymbti_jung8_40,mymbti,荣格八维 MBTI 深度测试 - 探索你的真实人格 (纯前端安全版),https://mymbti.xyz/,7,Si,likert_5,我习惯按照固定的日常流程和习惯来安排生活。,,,1-5：完全不符合 / 较不符合 / 一般 / 较符合 / 完全符合,"{ id: 7, dimension: ""Si"", text: ""我习惯按照固定的日常流程和习惯来安排生活。"" }"
mymbti_jung8_40,mymbti,荣格八维 MBTI 深度测试 - 探索你的真实人格 (纯前端安全版),https://mymbti.xyz/,8,Si,likert_5,我对细节、规程和历史记录有很强的记忆与重视。,,,1-5：完全不符合 / 较不符合 / 一般 / 较符合 / 完全符合,"{ id: 8, dimension: ""Si"", text: ""我对细节、规程和历史记录有很强的记忆与重视。"" }"
mymbti_jung8_40,mymbti,荣格八维 MBTI 深度测试 - 探索你的真实人格 (纯前端安全版),https://mymbti.xyz/,9,Si,likert_5,熟悉的路线、味道或气味，会让我产生一种被记忆包裹的安全感。,,,1-5：完全不符合 / 较不符合 / 一般 / 较符合 / 完全符合,"{ id: 9, dimension: ""Si"", text: ""熟悉的路线、味道或气味，会让我产生一种被记忆包裹的安全感。"" }"
mymbti_jung8_40,mymbti,荣格八维 MBTI 深度测试 - 探索你的真实人格 (纯前端安全版),https://mymbti.xyz/,10,Si,likert_5,面对重要决定时，我会本能地回想过去类似场景，像翻看一部自己的历史纪录片。,,,1-5：完全不符合 / 较不符合 / 一般 / 较符合 / 完全符合,"{ id: 10, dimension: ""Si"", text: ""面对重要决定时，我会本能地回想过去类似场景，像翻看一部自己的历史纪录片。"" }"
mymbti_jung8_40,mymbti,荣格八维 MBTI 深度测试 - 探索你的真实人格 (纯前端安全版),https://mymbti.xyz/,11,Ne,likert_5,我会不停联想各种可能性，一件小事也能引发很多新点子。,,,1-5：完全不符合 / 较不符合 / 一般 / 较符合 / 完全符合,"{ id: 11, dimension: ""Ne"", text: ""我会不停联想各种可能性，一件小事也能引发很多新点子。"" }"
mymbti_jung8_40,mymbti,荣格八维 MBTI 深度测试 - 探索你的真实人格 (纯前端安全版),https://mymbti.xyz/,12,Ne,likert_5,我喜欢和别人一起脑暴，不断尝试新方向和新方案。,,,1-5：完全不符合 / 较不符合 / 一般 / 较符合 / 完全符合,"{ id: 12, dimension: ""Ne"", text: ""我喜欢和别人一起脑暴，不断尝试新方向和新方案。"" }"
mymbti_jung8_40,mymbti,荣格八维 MBTI 深度测试 - 探索你的真实人格 (纯前端安全版),https://mymbti.xyz/,13,Ne,likert_5,我更在意“还有哪些其他做法”，而不是只按现有步骤来。,,,1-5：完全不符合 / 较不符合 / 一般 / 较符合 / 完全符合,"{ id: 13, dimension: ""Ne"", text: ""我更在意“还有哪些其他做法”，而不是只按现有步骤来。"" }"
mymbti_jung8_40,mymbti,荣格八维 MBTI 深度测试 - 探索你的真实人格 (纯前端安全版),https://mymbti.xyz/,14,Ne,likert_5,和人聊天时，我的大脑会像放烟花一样不断蹦出新想法。,,,1-5：完全不符合 / 较不符合 / 一般 / 较符合 / 完全符合,"{ id: 14, dimension: ""Ne"", text: ""和人聊天时，我的大脑会像放烟花一样不断蹦出新想法。"" }"
mymbti_jung8_40,mymbti,荣格八维 MBTI 深度测试 - 探索你的真实人格 (纯前端安全版),https://mymbti.xyz/,15,Ne,likert_5,我经常因为一个小细节，就联想到一整套全新的可能剧情。,,,1-5：完全不符合 / 较不符合 / 一般 / 较符合 / 完全符合,"{ id: 15, dimension: ""Ne"", text: ""我经常因为一个小细节，就联想到一整套全新的可能剧情。"" }"
mymbti_jung8_40,mymbti,荣格八维 MBTI 深度测试 - 探索你的真实人格 (纯前端安全版),https://mymbti.xyz/,16,Ni,likert_5,我常常凭一种模糊却坚定的“预感”来判断事情走向。,,,1-5：完全不符合 / 较不符合 / 一般 / 较符合 / 完全符合,"{ id: 16, dimension: ""Ni"", text: ""我常常凭一种模糊却坚定的“预感”来判断事情走向。"" }"
mymbti_jung8_40,mymbti,荣格八维 MBTI 深度测试 - 探索你的真实人格 (纯前端安全版),https://mymbti.xyz/,17,Ni,likert_5,我更关注事情背后的隐含意义，而不仅仅是表面现象。,,,1-5：完全不符合 / 较不符合 / 一般 / 较符合 / 完全符合,"{ id: 17, dimension: ""Ni"", text: ""我更关注事情背后的隐含意义，而不仅仅是表面现象。"" }"
mymbti_jung8_40,mymbti,荣格八维 MBTI 深度测试 - 探索你的真实人格 (纯前端安全版),https://mymbti.xyz/,18,Ni,likert_5,我喜欢从宏观和长远的角度，构建清晰的整体图景。,,,1-5：完全不符合 / 较不符合 / 一般 / 较符合 / 完全符合,"{ id: 18, dimension: ""Ni"", text: ""我喜欢从宏观和长远的角度，构建清晰的整体图景。"" }"
mymbti_jung8_40,mymbti,荣格八维 MBTI 深度测试 - 探索你的真实人格 (纯前端安全版),https://mymbti.xyz/,19,Ni,likert_5,有时我会突然“看见”某件事未来的发展画面，好像提前看过结局。,,,1-5：完全不符合 / 较不符合 / 一般 / 较符合 / 完全符合,"{ id: 19, dimension: ""Ni"", text: ""有时我会突然“看见”某件事未来的发展画面，好像提前看过结局。"" }"
mymbti_jung8_40,mymbti,荣格八维 MBTI 深度测试 - 探索你的真实人格 (纯前端安全版),https://mymbti.xyz/,20,Ni,likert_5,面对复杂局面时，我更像是在拼一幅意义的拼图，而不是只看眼前的碎片。,,,1-5：完全不符合 / 较不符合 / 一般 / 较符合 / 完全符合,"{ id: 20, dimension: ""Ni"", text: ""面对复杂局面时，我更像是在拼一幅意义的拼图，而不是只看眼前的碎片。"" }"
mymbti_jung8_40,mymbti,荣格八维 MBTI 深度测试 - 探索你的真实人格 (纯前端安全版),https://mymbti.xyz/,21,Te,likert_5,做决定时，我更看重效率和客观结果，而不是个人感受。,,,1-5：完全不符合 / 较不符合 / 一般 / 较符合 / 完全符合,"{ id: 21, dimension: ""Te"", text: ""做决定时，我更看重效率和客观结果，而不是个人感受。"" }"
mymbti_jung8_40,mymbti,荣格八维 MBTI 深度测试 - 探索你的真实人格 (纯前端安全版),https://mymbti.xyz/,22,Te,likert_5,我擅长制定清晰的目标、流程并推动他人按计划执行。,,,1-5：完全不符合 / 较不符合 / 一般 / 较符合 / 完全符合,"{ id: 22, dimension: ""Te"", text: ""我擅长制定清晰的目标、流程并推动他人按计划执行。"" }"
mymbti_jung8_40,mymbti,荣格八维 MBTI 深度测试 - 探索你的真实人格 (纯前端安全版),https://mymbti.xyz/,23,Te,likert_5,面对分歧时，我倾向于用数据和逻辑来说明“最有效的方案”。,,,1-5：完全不符合 / 较不符合 / 一般 / 较符合 / 完全符合,"{ id: 23, dimension: ""Te"", text: ""面对分歧时，我倾向于用数据和逻辑来说明“最有效的方案”。"" }"
mymbti_jung8_40,mymbti,荣格八维 MBTI 深度测试 - 探索你的真实人格 (纯前端安全版),https://mymbti.xyz/,24,Te,likert_5,在混乱的局面中，我会自然想把事情条理化，像整理一个凌乱的工作台。,,,1-5：完全不符合 / 较不符合 / 一般 / 较符合 / 完全符合,"{ id: 24, dimension: ""Te"", text: ""在混乱的局面中，我会自然想把事情条理化，像整理一个凌乱的工作台。"" }"
mymbti_jung8_40,mymbti,荣格八维 MBTI 深度测试 - 探索你的真实人格 (纯前端安全版),https://mymbti.xyz/,25,Te,likert_5,当看到低效的流程时，我会忍不住想重构它，让一切像机器齿轮一样顺畅运转。,,,1-5：完全不符合 / 较不符合 / 一般 / 较符合 / 完全符合,"{ id: 25, dimension: ""Te"", text: ""当看到低效的流程时，我会忍不住想重构它，让一切像机器齿轮一样顺畅运转。"" }"
mymbti_jung8_40,mymbti,荣格八维 MBTI 深度测试 - 探索你的真实人格 (纯前端安全版),https://mymbti.xyz/,26,Ti,likert_5,我喜欢拆解问题，弄清背后的原理和逻辑结构。,,,1-5：完全不符合 / 较不符合 / 一般 / 较符合 / 完全符合,"{ id: 26, dimension: ""Ti"", text: ""我喜欢拆解问题，弄清背后的原理和逻辑结构。"" }"
mymbti_jung8_40,mymbti,荣格八维 MBTI 深度测试 - 探索你的真实人格 (纯前端安全版),https://mymbti.xyz/,27,Ti,likert_5,如果一个观点在逻辑上不严谨，我会感到很难受。,,,1-5：完全不符合 / 较不符合 / 一般 / 较符合 / 完全符合,"{ id: 27, dimension: ""Ti"", text: ""如果一个观点在逻辑上不严谨，我会感到很难受。"" }"
mymbti_jung8_40,mymbti,荣格八维 MBTI 深度测试 - 探索你的真实人格 (纯前端安全版),https://mymbti.xyz/,28,Ti,likert_5,我经常在内心推演各种逻辑可能性，只为找到最合理的解释。,,,1-5：完全不符合 / 较不符合 / 一般 / 较符合 / 完全符合,"{ id: 28, dimension: ""Ti"", text: ""我经常在内心推演各种逻辑可能性，只为找到最合理的解释。"" }"
mymbti_jung8_40,mymbti,荣格八维 MBTI 深度测试 - 探索你的真实人格 (纯前端安全版),https://mymbti.xyz/,29,Ti,likert_5,我习惯在心里为事物建模，好像在搭建一套看不见的逻辑积木。,,,1-5：完全不符合 / 较不符合 / 一般 / 较符合 / 完全符合,"{ id: 29, dimension: ""Ti"", text: ""我习惯在心里为事物建模，好像在搭建一套看不见的逻辑积木。"" }"
mymbti_jung8_40,mymbti,荣格八维 MBTI 深度测试 - 探索你的真实人格 (纯前端安全版),https://mymbti.xyz/,30,Ti,likert_5,当我思考时，更像是在调试一段代码，不断找出漏洞并优化结构。,,,1-5：完全不符合 / 较不符合 / 一般 / 较符合 / 完全符合,"{ id: 30, dimension: ""Ti"", text: ""当我思考时，更像是在调试一段代码，不断找出漏洞并优化结构。"" }"
mymbti_jung8_40,mymbti,荣格八维 MBTI 深度测试 - 探索你的真实人格 (纯前端安全版),https://mymbti.xyz/,31,Fe,likert_5,我很在意他人的情绪，并会主动调整自己以维护和谐气氛。,,,1-5：完全不符合 / 较不符合 / 一般 / 较符合 / 完全符合,"{ id: 31, dimension: ""Fe"", text: ""我很在意他人的情绪，并会主动调整自己以维护和谐气氛。"" }"
mymbti_jung8_40,mymbti,荣格八维 MBTI 深度测试 - 探索你的真实人格 (纯前端安全版),https://mymbti.xyz/,32,Fe,likert_5,做决定时，我会优先考虑对身边人关系的影响。,,,1-5：完全不符合 / 较不符合 / 一般 / 较符合 / 完全符合,"{ id: 32, dimension: ""Fe"", text: ""做决定时，我会优先考虑对身边人关系的影响。"" }"
mymbti_jung8_40,mymbti,荣格八维 MBTI 深度测试 - 探索你的真实人格 (纯前端安全版),https://mymbti.xyz/,33,Fe,likert_5,在群体中，我常自然承担起协调气氛、照顾大家感受的角色。,,,1-5：完全不符合 / 较不符合 / 一般 / 较符合 / 完全符合,"{ id: 33, dimension: ""Fe"", text: ""在群体中，我常自然承担起协调气氛、照顾大家感受的角色。"" }"
mymbti_jung8_40,mymbti,荣格八维 MBTI 深度测试 - 探索你的真实人格 (纯前端安全版),https://mymbti.xyz/,34,Fe,likert_5,当房间里气氛微妙变化时，我往往第一时间就能察觉到那股“空气中的情绪”。,,,1-5：完全不符合 / 较不符合 / 一般 / 较符合 / 完全符合,"{ id: 34, dimension: ""Fe"", text: ""当房间里气氛微妙变化时，我往往第一时间就能察觉到那股“空气中的情绪”。"" }"
mymbti_jung8_40,mymbti,荣格八维 MBTI 深度测试 - 探索你的真实人格 (纯前端安全版),https://mymbti.xyz/,35,Fe,likert_5,在很多场合，我会下意识地充当润滑剂，让每个人都感觉被看见、被接住。,,,1-5：完全不符合 / 较不符合 / 一般 / 较符合 / 完全符合,"{ id: 35, dimension: ""Fe"", text: ""在很多场合，我会下意识地充当润滑剂，让每个人都感觉被看见、被接住。"" }"
mymbti_jung8_40,mymbti,荣格八维 MBTI 深度测试 - 探索你的真实人格 (纯前端安全版),https://mymbti.xyz/,36,Fi,likert_5,我非常重视自己内在的价值观，很难违背内心做事。,,,1-5：完全不符合 / 较不符合 / 一般 / 较符合 / 完全符合,"{ id: 36, dimension: ""Fi"", text: ""我非常重视自己内在的价值观，很难违背内心做事。"" }"
mymbti_jung8_40,mymbti,荣格八维 MBTI 深度测试 - 探索你的真实人格 (纯前端安全版),https://mymbti.xyz/,37,Fi,likert_5,即使别人都觉得没问题，只要与我信念冲突，我也会坚持拒绝。,,,1-5：完全不符合 / 较不符合 / 一般 / 较符合 / 完全符合,"{ id: 37, dimension: ""Fi"", text: ""即使别人都觉得没问题，只要与我信念冲突，我也会坚持拒绝。"" }"
mymbti_jung8_40,mymbti,荣格八维 MBTI 深度测试 - 探索你的真实人格 (纯前端安全版),https://mymbti.xyz/,38,Fi,likert_5,我常常独自消化情绪，更关注“对我来说是否真实而有意义”。,,,1-5：完全不符合 / 较不符合 / 一般 / 较符合 / 完全符合,"{ id: 38, dimension: ""Fi"", text: ""我常常独自消化情绪，更关注“对我来说是否真实而有意义”。"" }"
mymbti_jung8_40,mymbti,荣格八维 MBTI 深度测试 - 探索你的真实人格 (纯前端安全版),https://mymbti.xyz/,39,Fi,likert_5,有些价值观对我来说像内心的“底线坐标”，触碰到时我会本能地退后。,,,1-5：完全不符合 / 较不符合 / 一般 / 较符合 / 完全符合,"{ id: 39, dimension: ""Fi"", text: ""有些价值观对我来说像内心的“底线坐标”，触碰到时我会本能地退后。"" }"
mymbti_jung8_40,mymbti,荣格八维 MBTI 深度测试 - 探索你的真实人格 (纯前端安全版),https://mymbti.xyz/,40,Fi,likert_5,做选择时，我常会问自己：这件事是否真的与我内心深处的自己对话。,,,1-5：完全不符合 / 较不符合 / 一般 / 较符合 / 完全符合,"{ id: 40, dimension: ""Fi"", text: ""做选择时，我常会问自己：这件事是否真的与我内心深处的自己对话。"" }"
wjx_mbti_93,wjx,ＭBTI性格测试（93题）,https://www.wjx.cn/vm/t9b4RQe.aspx,1,"现在开始本测验的第一部分。本部分共26题,每题会给出两个陈述。要求从两个陈述中选择最符合您自身情况的陈述。下面哪一个选择最接近地描述了自己的感受和行为？",forced_choice_ab,"当你某天想去一个地方,你会________?",事先计划好到了那边该做的事,去了再说,,"1.当你某天想去一个地方,你会________? || A.事先计划好到了那边该做的事 || B.去了再说"
wjx_mbti_93,wjx,ＭBTI性格测试（93题）,https://www.wjx.cn/vm/t9b4RQe.aspx,2,"现在开始本测验的第一部分。本部分共26题,每题会给出两个陈述。要求从两个陈述中选择最符合您自身情况的陈述。下面哪一个选择最接近地描述了自己的感受和行为？",forced_choice_ab,你认为自己是一个________?,较为随兴所至的人,较为有条理的人,,2.你认为自己是一个________? || A.较为随兴所至的人 || B.较为有条理的人
wjx_mbti_93,wjx,ＭBTI性格测试（93题）,https://www.wjx.cn/vm/t9b4RQe.aspx,3,"现在开始本测验的第一部分。本部分共26题,每题会给出两个陈述。要求从两个陈述中选择最符合您自身情况的陈述。下面哪一个选择最接近地描述了自己的感受和行为？",forced_choice_ab,假如你是一位老师，你会选教________?,以事实为主的课程,涉及理论的课程,,3.假如你是一位老师，你会选教________? || A.以事实为主的课程 || B.涉及理论的课程
wjx_mbti_93,wjx,ＭBTI性格测试（93题）,https://www.wjx.cn/vm/t9b4RQe.aspx,4,"现在开始本测验的第一部分。本部分共26题,每题会给出两个陈述。要求从两个陈述中选择最符合您自身情况的陈述。下面哪一个选择最接近地描述了自己的感受和行为？",forced_choice_ab,你通常________?,与人容易混熟,比较沉静或矜持,,4.你通常________? || A.与人容易混熟 || B.比较沉静或矜持
wjx_mbti_93,wjx,ＭBTI性格测试（93题）,https://www.wjx.cn/vm/t9b4RQe.aspx,5,"现在开始本测验的第一部分。本部分共26题,每题会给出两个陈述。要求从两个陈述中选择最符合您自身情况的陈述。下面哪一个选择最接近地描述了自己的感受和行为？",forced_choice_ab,你通常和________相处得更好?,有想象力的人,现实的人,,5.你通常和________相处得更好? || A.有想象力的人 || B.现实的人
wjx_mbti_93,wjx,ＭBTI性格测试（93题）,https://www.wjx.cn/vm/t9b4RQe.aspx,6,"现在开始本测验的第一部分。本部分共26题,每题会给出两个陈述。要求从两个陈述中选择最符合您自身情况的陈述。下面哪一个选择最接近地描述了自己的感受和行为？",forced_choice_ab,你更多时候是________?,让情感驾驭理智,让理智驾驭情感,,6.你更多时候是________? || A.让情感驾驭理智 || B.让理智驾驭情感
wjx_mbti_93,wjx,ＭBTI性格测试（93题）,https://www.wjx.cn/vm/t9b4RQe.aspx,7,"现在开始本测验的第一部分。本部分共26题,每题会给出两个陈述。要求从两个陈述中选择最符合您自身情况的陈述。下面哪一个选择最接近地描述了自己的感受和行为？",forced_choice_ab,在处理许多事情上，你喜欢？,随兴所至行事,按照计划行事,,7.在处理许多事情上，你喜欢？ || A.随兴所至行事 || B. 按照计划行事
wjx_mbti_93,wjx,ＭBTI性格测试（93题）,https://www.wjx.cn/vm/t9b4RQe.aspx,8,"现在开始本测验的第一部分。本部分共26题,每题会给出两个陈述。要求从两个陈述中选择最符合您自身情况的陈述。下面哪一个选择最接近地描述了自己的感受和行为？",forced_choice_ab,你是一个？,容易让别人了解的人,难于让别人了解的人,,8.你是一个？ || A.容易让别人了解的人 || B.难于让别人了解的人
wjx_mbti_93,wjx,ＭBTI性格测试（93题）,https://www.wjx.cn/vm/t9b4RQe.aspx,9,"现在开始本测验的第一部分。本部分共26题,每题会给出两个陈述。要求从两个陈述中选择最符合您自身情况的陈述。下面哪一个选择最接近地描述了自己的感受和行为？",forced_choice_ab,按照程序表做事？,合你心意,令你感到很束缚,,9.按照程序表做事？ || A.合你心意 || B.令你感到很束缚
wjx_mbti_93,wjx,ＭBTI性格测试（93题）,https://www.wjx.cn/vm/t9b4RQe.aspx,10,"现在开始本测验的第一部分。本部分共26题,每题会给出两个陈述。要求从两个陈述中选择最符合您自身情况的陈述。下面哪一个选择最接近地描述了自己的感受和行为？",forced_choice_ab,当你有一份特别的任务，你会喜欢？,开始前小心组织计划,边做边找需要做什么,,10.当你有一份特别的任务，你会喜欢？ || A.开始前小心组织计划 || B.边做边找需要做什么
wjx_mbti_93,wjx,ＭBTI性格测试（93题）,https://www.wjx.cn/vm/t9b4RQe.aspx,11,"现在开始本测验的第一部分。本部分共26题,每题会给出两个陈述。要求从两个陈述中选择最符合您自身情况的陈述。下面哪一个选择最接近地描述了自己的感受和行为？",forced_choice_ab,在大多数情况下，你会选择？,顺其自然,按程序做事,,11.在大多数情况下，你会选择？ || A.顺其自然 || B. 按程序做事
wjx_mbti_93,wjx,ＭBTI性格测试（93题）,https://www.wjx.cn/vm/t9b4RQe.aspx,12,"现在开始本测验的第一部分。本部分共26题,每题会给出两个陈述。要求从两个陈述中选择最符合您自身情况的陈述。下面哪一个选择最接近地描述了自己的感受和行为？",forced_choice_ab,大多数人会说你是一个？,重视自我隐私的人,非常坦率开放的人,,12.大多数人会说你是一个？ || A.重视自我隐私的人 || B.非常坦率开放的人
wjx_mbti_93,wjx,ＭBTI性格测试（93题）,https://www.wjx.cn/vm/t9b4RQe.aspx,13,"现在开始本测验的第一部分。本部分共26题,每题会给出两个陈述。要求从两个陈述中选择最符合您自身情况的陈述。下面哪一个选择最接近地描述了自己的感受和行为？",forced_choice_ab,你宁愿被人认为是一个?,实事求是的人,机灵的人,,13.你宁愿被人认为是一个? || A.实事求是的人 || B.机灵的人
wjx_mbti_93,wjx,ＭBTI性格测试（93题）,https://www.wjx.cn/vm/t9b4RQe.aspx,14,"现在开始本测验的第一部分。本部分共26题,每题会给出两个陈述。要求从两个陈述中选择最符合您自身情况的陈述。下面哪一个选择最接近地描述了自己的感受和行为？",forced_choice_ab,在一大群人当中，通常是?,你介绍大家认识,别人介绍你,,14.在一大群人当中，通常是? || A.你介绍大家认识 || B. 别人介绍你
wjx_mbti_93,wjx,ＭBTI性格测试（93题）,https://www.wjx.cn/vm/t9b4RQe.aspx,15,"现在开始本测验的第一部分。本部分共26题,每题会给出两个陈述。要求从两个陈述中选择最符合您自身情况的陈述。下面哪一个选择最接近地描述了自己的感受和行为？",forced_choice_ab,你会跟哪些人做朋友？,常提出新注意的,脚踏实地的,,15.你会跟哪些人做朋友？ || A. 常提出新注意的 || B.脚踏实地的
wjx_mbti_93,wjx,ＭBTI性格测试（93题）,https://www.wjx.cn/vm/t9b4RQe.aspx,16,"现在开始本测验的第一部分。本部分共26题,每题会给出两个陈述。要求从两个陈述中选择最符合您自身情况的陈述。下面哪一个选择最接近地描述了自己的感受和行为？",forced_choice_ab,"更多的时候,你倾向于________?",重视感情多于逻辑,重视逻辑多于感情,,"16.更多的时候,你倾向于________? || A.重视感情多于逻辑 || B.重视逻辑多于感情"
wjx_mbti_93,wjx,ＭBTI性格测试（93题）,https://www.wjx.cn/vm/t9b4RQe.aspx,17,"现在开始本测验的第一部分。本部分共26题,每题会给出两个陈述。要求从两个陈述中选择最符合您自身情况的陈述。下面哪一个选择最接近地描述了自己的感受和行为？",forced_choice_ab,"日常工作中,你更喜欢________?",坐观事情发展才作计划,很早就作计划,,"17.日常工作中,你更喜欢________? || A.坐观事情发展才作计划 || B. 很早就作计划"
wjx_mbti_93,wjx,ＭBTI性格测试（93题）,https://www.wjx.cn/vm/t9b4RQe.aspx,18,"现在开始本测验的第一部分。本部分共26题,每题会给出两个陈述。要求从两个陈述中选择最符合您自身情况的陈述。下面哪一个选择最接近地描述了自己的感受和行为？",forced_choice_ab,你喜欢花很多的时间?,一个人独处,合别人在一起,,18.你喜欢花很多的时间? || A.一个人独处 || B. 合别人在一起
wjx_mbti_93,wjx,ＭBTI性格测试（93题）,https://www.wjx.cn/vm/t9b4RQe.aspx,19,"现在开始本测验的第一部分。本部分共26题,每题会给出两个陈述。要求从两个陈述中选择最符合您自身情况的陈述。下面哪一个选择最接近地描述了自己的感受和行为？",forced_choice_ab,与很多人一起会?,令你活力培增，,常常令你心力憔悴,,19.与很多人一起会? || A.令你活力培增， || B. 常常令你心力憔悴
wjx_mbti_93,wjx,ＭBTI性格测试（93题）,https://www.wjx.cn/vm/t9b4RQe.aspx,20,"现在开始本测验的第一部分。本部分共26题,每题会给出两个陈述。要求从两个陈述中选择最符合您自身情况的陈述。下面哪一个选择最接近地描述了自己的感受和行为？",forced_choice_ab,你比较喜欢?,很早便把约会、社交聚集等事情安排妥当,无拘无束，看当时有什么好玩就做什么,,20.你比较喜欢? || A.很早便把约会、社交聚集等事情安排妥当 || B. 无拘无束，看当时有什么好玩就做什么
wjx_mbti_93,wjx,ＭBTI性格测试（93题）,https://www.wjx.cn/vm/t9b4RQe.aspx,21,"现在开始本测验的第一部分。本部分共26题,每题会给出两个陈述。要求从两个陈述中选择最符合您自身情况的陈述。下面哪一个选择最接近地描述了自己的感受和行为？",forced_choice_ab,计划一个旅程时，你较喜欢?,大部分的时间都是跟当天的感觉行事，,事先知道大部分的日子会做什么,,21计划一个旅程时，你较喜欢? || A.大部分的时间都是跟当天的感觉行事， || B. 事先知道大部分的日子会做什么
wjx_mbti_93,wjx,ＭBTI性格测试（93题）,https://www.wjx.cn/vm/t9b4RQe.aspx,22,"现在开始本测验的第一部分。本部分共26题,每题会给出两个陈述。要求从两个陈述中选择最符合您自身情况的陈述。下面哪一个选择最接近地描述了自己的感受和行为？",forced_choice_ab,"在社交聚会中,你________?",有时感到郁闷,常常乐在其中,,"22.在社交聚会中,你________? || A.有时感到郁闷 || B. 常常乐在其中"
wjx_mbti_93,wjx,ＭBTI性格测试（93题）,https://www.wjx.cn/vm/t9b4RQe.aspx,23,"现在开始本测验的第一部分。本部分共26题,每题会给出两个陈述。要求从两个陈述中选择最符合您自身情况的陈述。下面哪一个选择最接近地描述了自己的感受和行为？",forced_choice_ab,你通常?,和别人容易混熟,趋向自处一隅,,23.你通常? || A.和别人容易混熟 || B.趋向自处一隅
wjx_mbti_93,wjx,ＭBTI性格测试（93题）,https://www.wjx.cn/vm/t9b4RQe.aspx,24,"现在开始本测验的第一部分。本部分共26题,每题会给出两个陈述。要求从两个陈述中选择最符合您自身情况的陈述。下面哪一个选择最接近地描述了自己的感受和行为？",forced_choice_ab,哪些人会更吸引你？,一个思想敏捷及非常聪颖的人,实事求是，具丰富常识的人,,24.哪些人会更吸引你？ || A.一个思想敏捷及非常聪颖的人 || B.实事求是，具丰富常识的人
wjx_mbti_93,wjx,ＭBTI性格测试（93题）,https://www.wjx.cn/vm/t9b4RQe.aspx,25,"现在开始本测验的第一部分。本部分共26题,每题会给出两个陈述。要求从两个陈述中选择最符合您自身情况的陈述。下面哪一个选择最接近地描述了自己的感受和行为？",forced_choice_ab,在日常工作中，你会?,颇为喜欢处理迫使你分秒必争的突发,通常预先计划，以免要在压力下工作,,25.在日常工作中，你会? || A.颇为喜欢处理迫使你分秒必争的突发 || B.通常预先计划，以免要在压力下工作
wjx_mbti_93,wjx,ＭBTI性格测试（93题）,https://www.wjx.cn/vm/t9b4RQe.aspx,26,"现在开始本测验的第一部分。本部分共26题,每题会给出两个陈述。要求从两个陈述中选择最符合您自身情况的陈述。下面哪一个选择最接近地描述了自己的感受和行为？",forced_choice_ab,你认为别人一般?,要花很长时间才认识你,用很短的时间便认识你,,26.你认为别人一般? || A.要花很长时间才认识你 || B. 用很短的时间便认识你
wjx_mbti_93,wjx,ＭBTI性格测试（93题）,https://www.wjx.cn/vm/t9b4RQe.aspx,27,第二部分：请从以下32题中，选择最符合你真实性格特质的选项，基于你实际具备的特点，而非你希望拥有的品质进行作答。,forced_choice_ab,,注重隐私,坦率开放,,27 || A.注重隐私 || B.坦率开放
wjx_mbti_93,wjx,ＭBTI性格测试（93题）,https://www.wjx.cn/vm/t9b4RQe.aspx,28,第二部分：请从以下32题中，选择最符合你真实性格特质的选项，基于你实际具备的特点，而非你希望拥有的品质进行作答。,forced_choice_ab,,预先安排的,无计划的,,28 || A. 预先安排的 || B. 无计划的
wjx_mbti_93,wjx,ＭBTI性格测试（93题）,https://www.wjx.cn/vm/t9b4RQe.aspx,29,第二部分：请从以下32题中，选择最符合你真实性格特质的选项，基于你实际具备的特点，而非你希望拥有的品质进行作答。,forced_choice_ab,,抽象,具体,,29 || A. 抽象 || B. 具体
wjx_mbti_93,wjx,ＭBTI性格测试（93题）,https://www.wjx.cn/vm/t9b4RQe.aspx,30,第二部分：请从以下32题中，选择最符合你真实性格特质的选项，基于你实际具备的特点，而非你希望拥有的品质进行作答。,forced_choice_ab,,温情,坚定,,30 || A. 温情 || B. 坚定
wjx_mbti_93,wjx,ＭBTI性格测试（93题）,https://www.wjx.cn/vm/t9b4RQe.aspx,31,第二部分：请从以下32题中，选择最符合你真实性格特质的选项，基于你实际具备的特点，而非你希望拥有的品质进行作答。,forced_choice_ab,,思考,感受,,31 || A. 思考 || B. 感受
wjx_mbti_93,wjx,ＭBTI性格测试（93题）,https://www.wjx.cn/vm/t9b4RQe.aspx,32,第二部分：请从以下32题中，选择最符合你真实性格特质的选项，基于你实际具备的特点，而非你希望拥有的品质进行作答。,forced_choice_ab,,事实,意念,,32 || A. 事实 || B. 意念
wjx_mbti_93,wjx,ＭBTI性格测试（93题）,https://www.wjx.cn/vm/t9b4RQe.aspx,33,第二部分：请从以下32题中，选择最符合你真实性格特质的选项，基于你实际具备的特点，而非你希望拥有的品质进行作答。,forced_choice_ab,,冲动,决定,,33 || A. 冲动 || B. 决定
wjx_mbti_93,wjx,ＭBTI性格测试（93题）,https://www.wjx.cn/vm/t9b4RQe.aspx,34,第二部分：请从以下32题中，选择最符合你真实性格特质的选项，基于你实际具备的特点，而非你希望拥有的品质进行作答。,forced_choice_ab,,热忱,平静,,34 || A. 热忱 || B. 平静
wjx_mbti_93,wjx,ＭBTI性格测试（93题）,https://www.wjx.cn/vm/t9b4RQe.aspx,35,第二部分：请从以下32题中，选择最符合你真实性格特质的选项，基于你实际具备的特点，而非你希望拥有的品质进行作答。,forced_choice_ab,,文静,外向,,35 || A. 文静 || B. 外向
wjx_mbti_93,wjx,ＭBTI性格测试（93题）,https://www.wjx.cn/vm/t9b4RQe.aspx,36,第二部分：请从以下32题中，选择最符合你真实性格特质的选项，基于你实际具备的特点，而非你希望拥有的品质进行作答。,forced_choice_ab,,系统性,随机性,,36 || A. 系统性 || B. 随机性
wjx_mbti_93,wjx,ＭBTI性格测试（93题）,https://www.wjx.cn/vm/t9b4RQe.aspx,37,第二部分：请从以下32题中，选择最符合你真实性格特质的选项，基于你实际具备的特点，而非你希望拥有的品质进行作答。,forced_choice_ab,,理论,肯定,,37 || A.理论 || B. 肯定
wjx_mbti_93,wjx,ＭBTI性格测试（93题）,https://www.wjx.cn/vm/t9b4RQe.aspx,38,第二部分：请从以下32题中，选择最符合你真实性格特质的选项，基于你实际具备的特点，而非你希望拥有的品质进行作答。,forced_choice_ab,,敏感,公正,,38 || A. 敏感 || B. 公正
wjx_mbti_93,wjx,ＭBTI性格测试（93题）,https://www.wjx.cn/vm/t9b4RQe.aspx,39,第二部分：请从以下32题中，选择最符合你真实性格特质的选项，基于你实际具备的特点，而非你希望拥有的品质进行作答。,forced_choice_ab,,令人信服,感人的,,39 || A. 令人信服 || B. 感人的
wjx_mbti_93,wjx,ＭBTI性格测试（93题）,https://www.wjx.cn/vm/t9b4RQe.aspx,40,第二部分：请从以下32题中，选择最符合你真实性格特质的选项，基于你实际具备的特点，而非你希望拥有的品质进行作答。,forced_choice_ab,,声名,概念,,40 || A. 声名 || B. 概念
wjx_mbti_93,wjx,ＭBTI性格测试（93题）,https://www.wjx.cn/vm/t9b4RQe.aspx,41,第二部分：请从以下32题中，选择最符合你真实性格特质的选项，基于你实际具备的特点，而非你希望拥有的品质进行作答。,forced_choice_ab,,不受约束,预先安排,,41 || A. 不受约束 || B.预先安排
wjx_mbti_93,wjx,ＭBTI性格测试（93题）,https://www.wjx.cn/vm/t9b4RQe.aspx,42,第二部分：请从以下32题中，选择最符合你真实性格特质的选项，基于你实际具备的特点，而非你希望拥有的品质进行作答。,forced_choice_ab,,矜持,健谈,,42 || A. 矜持 || B. 健谈
wjx_mbti_93,wjx,ＭBTI性格测试（93题）,https://www.wjx.cn/vm/t9b4RQe.aspx,43,第二部分：请从以下32题中，选择最符合你真实性格特质的选项，基于你实际具备的特点，而非你希望拥有的品质进行作答。,forced_choice_ab,,有条不紊,不拘小节,,43 || A. 有条不紊 || B. 不拘小节
wjx_mbti_93,wjx,ＭBTI性格测试（93题）,https://www.wjx.cn/vm/t9b4RQe.aspx,44,第二部分：请从以下32题中，选择最符合你真实性格特质的选项，基于你实际具备的特点，而非你希望拥有的品质进行作答。,forced_choice_ab,,意念,实况,,44 || A. 意念 || B. 实况
wjx_mbti_93,wjx,ＭBTI性格测试（93题）,https://www.wjx.cn/vm/t9b4RQe.aspx,45,第二部分：请从以下32题中，选择最符合你真实性格特质的选项，基于你实际具备的特点，而非你希望拥有的品质进行作答。,forced_choice_ab,,富有同情心,富有远见,,45 || A. 富有同情心 || B. 富有远见
wjx_mbti_93,wjx,ＭBTI性格测试（93题）,https://www.wjx.cn/vm/t9b4RQe.aspx,46,第二部分：请从以下32题中，选择最符合你真实性格特质的选项，基于你实际具备的特点，而非你希望拥有的品质进行作答。,forced_choice_ab,,利益,祝福,,46 || A. 利益 || B. 祝福
wjx_mbti_93,wjx,ＭBTI性格测试（93题）,https://www.wjx.cn/vm/t9b4RQe.aspx,47,第二部分：请从以下32题中，选择最符合你真实性格特质的选项，基于你实际具备的特点，而非你希望拥有的品质进行作答。,forced_choice_ab,,务实的,理论的,,47 || A. 务实的 || B. 理论的
wjx_mbti_93,wjx,ＭBTI性格测试（93题）,https://www.wjx.cn/vm/t9b4RQe.aspx,48,第二部分：请从以下32题中，选择最符合你真实性格特质的选项，基于你实际具备的特点，而非你希望拥有的品质进行作答。,forced_choice_ab,,朋友不多,朋友众多,,48 || A. 朋友不多 || B. 朋友众多
wjx_mbti_93,wjx,ＭBTI性格测试（93题）,https://www.wjx.cn/vm/t9b4RQe.aspx,49,第二部分：请从以下32题中，选择最符合你真实性格特质的选项，基于你实际具备的特点，而非你希望拥有的品质进行作答。,forced_choice_ab,,有系统,即兴,,49 || A. 有系统 || B. 即兴
wjx_mbti_93,wjx,ＭBTI性格测试（93题）,https://www.wjx.cn/vm/t9b4RQe.aspx,50,第二部分：请从以下32题中，选择最符合你真实性格特质的选项，基于你实际具备的特点，而非你希望拥有的品质进行作答。,forced_choice_ab,,富有想象,以事论事,,50 || A. 富有想象 || B. 以事论事
wjx_mbti_93,wjx,ＭBTI性格测试（93题）,https://www.wjx.cn/vm/t9b4RQe.aspx,51,第二部分：请从以下32题中，选择最符合你真实性格特质的选项，基于你实际具备的特点，而非你希望拥有的品质进行作答。,forced_choice_ab,,亲切的,客观的,,51 || A. 亲切的 || B. 客观的
wjx_mbti_93,wjx,ＭBTI性格测试（93题）,https://www.wjx.cn/vm/t9b4RQe.aspx,52,第二部分：请从以下32题中，选择最符合你真实性格特质的选项，基于你实际具备的特点，而非你希望拥有的品质进行作答。,forced_choice_ab,,客观的,热情的,,52 || A. 客观的 || B. 热情的
wjx_mbti_93,wjx,ＭBTI性格测试（93题）,https://www.wjx.cn/vm/t9b4RQe.aspx,53,第二部分：请从以下32题中，选择最符合你真实性格特质的选项，基于你实际具备的特点，而非你希望拥有的品质进行作答。,forced_choice_ab,,建造,发明,,53 || A. 建造 || B. 发明
wjx_mbti_93,wjx,ＭBTI性格测试（93题）,https://www.wjx.cn/vm/t9b4RQe.aspx,54,第二部分：请从以下32题中，选择最符合你真实性格特质的选项，基于你实际具备的特点，而非你希望拥有的品质进行作答。,forced_choice_ab,,文静,合群,,54 || A. 文静 || B. 合群
wjx_mbti_93,wjx,ＭBTI性格测试（93题）,https://www.wjx.cn/vm/t9b4RQe.aspx,55,第二部分：请从以下32题中，选择最符合你真实性格特质的选项，基于你实际具备的特点，而非你希望拥有的品质进行作答。,forced_choice_ab,,理论,事实,,55 || A. 理论 || B. 事实
wjx_mbti_93,wjx,ＭBTI性格测试（93题）,https://www.wjx.cn/vm/t9b4RQe.aspx,56,第二部分：请从以下32题中，选择最符合你真实性格特质的选项，基于你实际具备的特点，而非你希望拥有的品质进行作答。,forced_choice_ab,,富同情,合逻辑,,56 || A. 富同情 || B. 合逻辑
wjx_mbti_93,wjx,ＭBTI性格测试（93题）,https://www.wjx.cn/vm/t9b4RQe.aspx,57,第二部分：请从以下32题中，选择最符合你真实性格特质的选项，基于你实际具备的特点，而非你希望拥有的品质进行作答。,forced_choice_ab,,分析力强,多愁善感,,57 || A.分析力强 || B. 多愁善感
wjx_mbti_93,wjx,ＭBTI性格测试（93题）,https://www.wjx.cn/vm/t9b4RQe.aspx,58,第二部分：请从以下32题中，选择最符合你真实性格特质的选项，基于你实际具备的特点，而非你希望拥有的品质进行作答。,forced_choice_ab,,合情合理,令人着迷,,58 || A. 合情合理 || B. 令人着迷
wjx_mbti_93,wjx,ＭBTI性格测试（93题）,https://www.wjx.cn/vm/t9b4RQe.aspx,59,第三部分：请从以下20题中，哪一个答案更接近地描述了你自己通常的感受或行为方式?,forced_choice_ab,当你要在一个星期内完成一个大项目，你在开始的时候会,把要做的不同工作依次列出,马上动工,,59.当你要在一个星期内完成一个大项目，你在开始的时候会 || A.把要做的不同工作依次列出 || B.马上动工
wjx_mbti_93,wjx,ＭBTI性格测试（93题）,https://www.wjx.cn/vm/t9b4RQe.aspx,60,第三部分：请从以下20题中，哪一个答案更接近地描述了你自己通常的感受或行为方式?,forced_choice_ab,在社交场合中，你经常会感到？,与某些人很难打开话匣儿和保持对话,与多数人都能从容地长谈,,60.在社交场合中，你经常会感到？ || A.与某些人很难打开话匣儿和保持对话 || B.与多数人都能从容地长谈
wjx_mbti_93,wjx,ＭBTI性格测试（93题）,https://www.wjx.cn/vm/t9b4RQe.aspx,61,第三部分：请从以下20题中，哪一个答案更接近地描述了你自己通常的感受或行为方式?,forced_choice_ab,要做许多人也做的事，你比较喜欢?,按照一般认可的方法去做,构想一个自己的想法,,61.要做许多人也做的事，你比较喜欢? || A.按照一般认可的方法去做 || B.构想一个自己的想法
wjx_mbti_93,wjx,ＭBTI性格测试（93题）,https://www.wjx.cn/vm/t9b4RQe.aspx,62,第三部分：请从以下20题中，哪一个答案更接近地描述了你自己通常的感受或行为方式?,forced_choice_ab,你刚认识的朋友能否说出你的兴趣？,马上可以,要待他们真正了解你之后才可以,,62.你刚认识的朋友能否说出你的兴趣？ || A.马上可以 || B.要待他们真正了解你之后才可以
wjx_mbti_93,wjx,ＭBTI性格测试（93题）,https://www.wjx.cn/vm/t9b4RQe.aspx,63,第三部分：请从以下20题中，哪一个答案更接近地描述了你自己通常的感受或行为方式?,forced_choice_ab,你通常较喜欢的科目是?,讲授概念和原则的,讲授事实和数据的,,63.你通常较喜欢的科目是? || A.讲授概念和原则的 || B.讲授事实和数据的
wjx_mbti_93,wjx,ＭBTI性格测试（93题）,https://www.wjx.cn/vm/t9b4RQe.aspx,64,第三部分：请从以下20题中，哪一个答案更接近地描述了你自己通常的感受或行为方式?,forced_choice_ab,哪个是较高的赞誉，或称许为？,一贯感性的人,一贯理性的人,,64.哪个是较高的赞誉，或称许为？ || A.一贯感性的人 || B.一贯理性的人
wjx_mbti_93,wjx,ＭBTI性格测试（93题）,https://www.wjx.cn/vm/t9b4RQe.aspx,65,第三部分：请从以下20题中，哪一个答案更接近地描述了你自己通常的感受或行为方式?,forced_choice_ab,你认为按照程序表做事?,有时是需要的，但一般来说你不大喜欢这样做,大多数情况下是有帮助而且是你喜欢做的,,65.你认为按照程序表做事? || A.有时是需要的，但一般来说你不大喜欢这样做 || B.大多数情况下是有帮助而且是你喜欢做的
wjx_mbti_93,wjx,ＭBTI性格测试（93题）,https://www.wjx.cn/vm/t9b4RQe.aspx,66,第三部分：请从以下20题中，哪一个答案更接近地描述了你自己通常的感受或行为方式?,forced_choice_ab,和一群人在一起，你通常会选?,跟你很熟悉的个别人谈话,参与大伙的谈话,,66.和一群人在一起，你通常会选? || A.跟你很熟悉的个别人谈话 || B.参与大伙的谈话
wjx_mbti_93,wjx,ＭBTI性格测试（93题）,https://www.wjx.cn/vm/t9b4RQe.aspx,67,第三部分：请从以下20题中，哪一个答案更接近地描述了你自己通常的感受或行为方式?,forced_choice_ab,在社交聚会上，你会?,是说话很多的一个,让别人多说话,,67.在社交聚会上，你会? || A.是说话很多的一个 || B.让别人多说话
wjx_mbti_93,wjx,ＭBTI性格测试（93题）,https://www.wjx.cn/vm/t9b4RQe.aspx,68,第三部分：请从以下20题中，哪一个答案更接近地描述了你自己通常的感受或行为方式?,forced_choice_ab,把周末期间要完成的事列成清单，这个主意会？,合你意,使你提不起劲,,68.把周末期间要完成的事列成清单，这个主意会？ || A.合你意 || B.使你提不起劲
wjx_mbti_93,wjx,ＭBTI性格测试（93题）,https://www.wjx.cn/vm/t9b4RQe.aspx,69,第三部分：请从以下20题中，哪一个答案更接近地描述了你自己通常的感受或行为方式?,forced_choice_ab,哪个是较高的赞誉，或称许为?,能干的,富有同情心,,69.哪个是较高的赞誉，或称许为? || A.能干的 || B.富有同情心
wjx_mbti_93,wjx,ＭBTI性格测试（93题）,https://www.wjx.cn/vm/t9b4RQe.aspx,70,第三部分：请从以下20题中，哪一个答案更接近地描述了你自己通常的感受或行为方式?,forced_choice_ab,你通常喜欢?,事先安排你的社交约会,随兴之所至做事,,70.你通常喜欢? || A.事先安排你的社交约会 || B.随兴之所至做事
wjx_mbti_93,wjx,ＭBTI性格测试（93题）,https://www.wjx.cn/vm/t9b4RQe.aspx,71,第三部分：请从以下20题中，哪一个答案更接近地描述了你自己通常的感受或行为方式?,forced_choice_ab,总的说来，要做一个大型作业时，你会选?,边做边想该做什么,首先把工作按步细分,,71.总的说来，要做一个大型作业时，你会选? || A.边做边想该做什么 || B.首先把工作按步细分
wjx_mbti_93,wjx,ＭBTI性格测试（93题）,https://www.wjx.cn/vm/t9b4RQe.aspx,72,第三部分：请从以下20题中，哪一个答案更接近地描述了你自己通常的感受或行为方式?,forced_choice_ab,你能否滔滔不绝地与人聊天?,只限于跟你有共同兴趣的人,几乎跟任何人都可以,,72.你能否滔滔不绝地与人聊天? || A.只限于跟你有共同兴趣的人 || B.几乎跟任何人都可以
wjx_mbti_93,wjx,ＭBTI性格测试（93题）,https://www.wjx.cn/vm/t9b4RQe.aspx,73,第三部分：请从以下20题中，哪一个答案更接近地描述了你自己通常的感受或行为方式?,forced_choice_ab,你会?,跟随一些证明有效的方法,分析还有什么毛病，及针对尚未解决的难题,,73.你会? || A.跟随一些证明有效的方法 || B.分析还有什么毛病，及针对尚未解决的难题
wjx_mbti_93,wjx,ＭBTI性格测试（93题）,https://www.wjx.cn/vm/t9b4RQe.aspx,74,第三部分：请从以下20题中，哪一个答案更接近地描述了你自己通常的感受或行为方式?,forced_choice_ab,为乐趣而阅读时，你会?,喜欢奇特或创新的表达方式,喜欢作者直话直说,,74.为乐趣而阅读时，你会? || A.喜欢奇特或创新的表达方式 || B.喜欢作者直话直说
wjx_mbti_93,wjx,ＭBTI性格测试（93题）,https://www.wjx.cn/vm/t9b4RQe.aspx,75,第三部分：请从以下20题中，哪一个答案更接近地描述了你自己通常的感受或行为方式?,forced_choice_ab,你宁愿替哪一类上司（或者老师）工作？?,天性淳良，但常常前后不一的,言词尖锐但永远合乎逻辑的,,75.你宁愿替哪一类上司（或者老师）工作？? || A.天性淳良，但常常前后不一的 || B.言词尖锐但永远合乎逻辑的
wjx_mbti_93,wjx,ＭBTI性格测试（93题）,https://www.wjx.cn/vm/t9b4RQe.aspx,76,第三部分：请从以下20题中，哪一个答案更接近地描述了你自己通常的感受或行为方式?,forced_choice_ab,你做事多数是？,按当天心情去做,照拟好的程序表去做,,76.你做事多数是？ || A.按当天心情去做 || B.照拟好的程序表去做
wjx_mbti_93,wjx,ＭBTI性格测试（93题）,https://www.wjx.cn/vm/t9b4RQe.aspx,77,第三部分：请从以下20题中，哪一个答案更接近地描述了你自己通常的感受或行为方式?,forced_choice_ab,你是否?,可以和任何人按需求从容地交谈,只是对某些人或在某种情况下才可以畅所欲言,,77.你是否? || A.可以和任何人按需求从容地交谈 || B.只是对某些人或在某种情况下才可以畅所欲言
wjx_mbti_93,wjx,ＭBTI性格测试（93题）,https://www.wjx.cn/vm/t9b4RQe.aspx,78,第三部分：请从以下20题中，哪一个答案更接近地描述了你自己通常的感受或行为方式?,forced_choice_ab,要作决定时，你认为比较重要的是?,根据事实衡量,考虑他人的感受和意见,,78.要作决定时，你认为比较重要的是? || A.根据事实衡量 || B.考虑他人的感受和意见
wjx_mbti_93,wjx,ＭBTI性格测试（93题）,https://www.wjx.cn/vm/t9b4RQe.aspx,79,第四部分:共计15提，在下列每一对词语中，选出哪一个词语更合你心意?,forced_choice_ab,,想象的,真实的,,79. || A.想象的 || B.真实的
wjx_mbti_93,wjx,ＭBTI性格测试（93题）,https://www.wjx.cn/vm/t9b4RQe.aspx,80,第四部分:共计15提，在下列每一对词语中，选出哪一个词语更合你心意?,forced_choice_ab,,仁慈慷慨的,意志坚定的,,80. || A.仁慈慷慨的 || B.意志坚定的
wjx_mbti_93,wjx,ＭBTI性格测试（93题）,https://www.wjx.cn/vm/t9b4RQe.aspx,81,第四部分:共计15提，在下列每一对词语中，选出哪一个词语更合你心意?,forced_choice_ab,,公正的,有关怀心,,81. || A.公正的 || B.有关怀心
wjx_mbti_93,wjx,ＭBTI性格测试（93题）,https://www.wjx.cn/vm/t9b4RQe.aspx,82,第四部分:共计15提，在下列每一对词语中，选出哪一个词语更合你心意?,forced_choice_ab,,制作,设计,,82. || A.制作 || B.设计
wjx_mbti_93,wjx,ＭBTI性格测试（93题）,https://www.wjx.cn/vm/t9b4RQe.aspx,83,第四部分:共计15提，在下列每一对词语中，选出哪一个词语更合你心意?,forced_choice_ab,,觉得是可能性,,,83. || A.觉得是可能性
wjx_mbti_93,wjx,ＭBTI性格测试（93题）,https://www.wjx.cn/vm/t9b4RQe.aspx,84,第四部分:共计15提，在下列每一对词语中，选出哪一个词语更合你心意?,forced_choice_ab,,温柔,力量,,84. || A.温柔 || B.力量
wjx_mbti_93,wjx,ＭBTI性格测试（93题）,https://www.wjx.cn/vm/t9b4RQe.aspx,85,第四部分:共计15提，在下列每一对词语中，选出哪一个词语更合你心意?,forced_choice_ab,,实际,多愁善感,,85. || A.实际 || B.多愁善感
wjx_mbti_93,wjx,ＭBTI性格测试（93题）,https://www.wjx.cn/vm/t9b4RQe.aspx,86,第四部分:共计15提，在下列每一对词语中，选出哪一个词语更合你心意?,forced_choice_ab,,制造,创造,,86. || A.制造 || B.创造
wjx_mbti_93,wjx,ＭBTI性格测试（93题）,https://www.wjx.cn/vm/t9b4RQe.aspx,87,第四部分:共计15提，在下列每一对词语中，选出哪一个词语更合你心意?,forced_choice_ab,,新颖的,已知的,,87. || A.新颖的 || B.已知的
wjx_mbti_93,wjx,ＭBTI性格测试（93题）,https://www.wjx.cn/vm/t9b4RQe.aspx,88,第四部分:共计15提，在下列每一对词语中，选出哪一个词语更合你心意?,forced_choice_ab,,同情,分析,,88. || A.同情 || B.分析
wjx_mbti_93,wjx,ＭBTI性格测试（93题）,https://www.wjx.cn/vm/t9b4RQe.aspx,89,第四部分:共计15提，在下列每一对词语中，选出哪一个词语更合你心意?,forced_choice_ab,,坚持己见,温柔有爱心,,89. || A.坚持己见 || B.温柔有爱心
wjx_mbti_93,wjx,ＭBTI性格测试（93题）,https://www.wjx.cn/vm/t9b4RQe.aspx,90,第四部分:共计15提，在下列每一对词语中，选出哪一个词语更合你心意?,forced_choice_ab,,具体的,抽象的,,90. || A.具体的 || B.抽象的
wjx_mbti_93,wjx,ＭBTI性格测试（93题）,https://www.wjx.cn/vm/t9b4RQe.aspx,91,第四部分:共计15提，在下列每一对词语中，选出哪一个词语更合你心意?,forced_choice_ab,,全心投入,有决心的,,91. || A.全心投入 || B.有决心的
wjx_mbti_93,wjx,ＭBTI性格测试（93题）,https://www.wjx.cn/vm/t9b4RQe.aspx,92,第四部分:共计15提，在下列每一对词语中，选出哪一个词语更合你心意?,forced_choice_ab,,能干,仁慈,,92. || A.能干 || B.仁慈
wjx_mbti_93,wjx,ＭBTI性格测试（93题）,https://www.wjx.cn/vm/t9b4RQe.aspx,93,第四部分:共计15提，在下列每一对词语中，选出哪一个词语更合你心意?,forced_choice_ab,,实际,创新,,93. || A.实际 || B.创新
